-- MySQL dump 10.13  Distrib 5.1.41, for debian-linux-gnu (i486)
--
-- Host: localhost    Database: instalover_production
-- ------------------------------------------------------
-- Server version	5.1.41-3ubuntu12.6

/*!40101 SET @OLD_CHARACTER_SET_CLIENT=@@CHARACTER_SET_CLIENT */;
/*!40101 SET @OLD_CHARACTER_SET_RESULTS=@@CHARACTER_SET_RESULTS */;
/*!40101 SET @OLD_COLLATION_CONNECTION=@@COLLATION_CONNECTION */;
/*!40101 SET NAMES utf8 */;
/*!40103 SET @OLD_TIME_ZONE=@@TIME_ZONE */;
/*!40103 SET TIME_ZONE='+00:00' */;
/*!40014 SET @OLD_UNIQUE_CHECKS=@@UNIQUE_CHECKS, UNIQUE_CHECKS=0 */;
/*!40014 SET @OLD_FOREIGN_KEY_CHECKS=@@FOREIGN_KEY_CHECKS, FOREIGN_KEY_CHECKS=0 */;
/*!40101 SET @OLD_SQL_MODE=@@SQL_MODE, SQL_MODE='NO_AUTO_VALUE_ON_ZERO' */;
/*!40111 SET @OLD_SQL_NOTES=@@SQL_NOTES, SQL_NOTES=0 */;

--
-- Table structure for table `date_suggestions`
--

DROP TABLE IF EXISTS `date_suggestions`;
/*!40101 SET @saved_cs_client     = @@character_set_client */;
/*!40101 SET character_set_client = utf8 */;
CREATE TABLE `date_suggestions` (
  `id` int(11) NOT NULL AUTO_INCREMENT,
  `text` varchar(255) COLLATE utf8_unicode_ci DEFAULT NULL,
  `created_at` datetime DEFAULT NULL,
  `updated_at` datetime DEFAULT NULL,
  `last_suggested_at` datetime DEFAULT NULL,
  PRIMARY KEY (`id`)
) ENGINE=InnoDB AUTO_INCREMENT=24 DEFAULT CHARSET=utf8 COLLATE=utf8_unicode_ci;
/*!40101 SET character_set_client = @saved_cs_client */;

--
-- Dumping data for table `date_suggestions`
--

LOCK TABLES `date_suggestions` WRITE;
/*!40000 ALTER TABLE `date_suggestions` DISABLE KEYS */;
INSERT INTO `date_suggestions` VALUES (1,'Silvertone (69 Bromfield St, Boston, near Park St Station)','2010-10-17 21:21:33','2010-11-03 01:17:19','2010-11-03 01:17:19'),(2,'Russell House Tavern (14 JFK St, Cambridge, in Harvard Station)','2010-10-17 21:21:33','2010-11-03 00:22:41','2010-11-03 00:22:41'),(3,'Green Street Grill (280 Green St, Cambridge, near Central Square)','2010-10-17 21:21:33','2010-11-03 00:23:14','2010-11-03 00:23:14'),(4,'American Craft (1700 Beacon St, Brookline, near Washington Square)','2010-10-17 21:21:33','2010-11-03 01:17:04','2010-11-03 01:17:04'),(5,'Stoddard\'s (48 Temple Pl, Boston, near Park St Station)','2010-10-17 21:21:33','2010-11-03 01:16:43','2010-11-03 01:16:43'),(6,'Tory Row (3 Brattle St, Cambridge, in Harvard Square)','2010-10-17 21:21:33','2010-11-03 00:16:34','2010-11-03 00:16:34'),(7,'1369 Coffeehouse (757 Mass Ave, Cambridge, in Central Square)','2010-10-17 21:21:33','2010-11-03 00:55:39','2010-11-03 00:55:39'),(8,'Diesel Cafe (257 Elm St, Somerville, in Davis Square)','2010-10-17 21:21:33','2010-11-03 00:39:50','2010-11-03 00:39:50'),(9,'Harvard Book Store (1256 Mass Ave, Cambridge, in Harvard Square)','2010-10-17 21:21:33','2010-11-03 00:39:25','2010-11-03 00:39:25'),(10,'JP Licks (352 Newbury St, Boston, near Hynes Station)','2010-10-17 21:21:33','2010-11-03 00:16:52','2010-11-03 00:16:52'),(11,'Franklin Cafe (278 Shawmut Ave, Boston, near Back Bay Station)','2010-10-17 21:21:33','2010-11-03 00:16:16','2010-11-03 00:16:16'),(12,'Charlie\'s Kitchen (10 Eliot St, Cambridge, in Harvard Square)','2010-10-17 21:21:33','2010-11-03 01:18:53','2010-11-03 01:18:53'),(13,'Central Kitchen (567 Mass Ave, Cambridge, near Central Square)','2010-10-17 21:21:33','2010-11-03 00:15:37','2010-11-03 00:15:37'),(14,'The Plough & Stars (912 Mass Ave, Cambridge, in between Central and Harvard Square)','2010-10-17 21:21:33','2010-11-03 00:15:17','2010-11-03 00:15:17'),(15,'Lord Hobo (92 Hampshire St, Cambridge, near Inman Square)','2010-10-17 21:21:33','2010-11-03 00:14:59','2010-11-03 00:14:59'),(16,'Matt Murphy\'s Pub (14 Harvard St, Brookline, near Brookline Village T stop)','2010-10-17 21:21:33','2010-11-03 00:14:56','2010-11-03 00:14:56'),(17,'River Gods (125 River St, Cambridge, near Central Square)','2010-10-17 21:21:33','2010-11-03 00:14:29','2010-11-03 00:14:29'),(18,'Bukowski Tavern (50 Dalton St, Boston, near Hynes Station)','2010-10-17 21:21:33','2010-11-03 00:14:13','2010-11-03 00:14:13'),(19,'The Pour House (907 Boylston St, Boston, near Hynes Station)','2010-10-17 21:21:33','2010-11-03 00:13:56','2010-11-03 00:13:56'),(20,'The Squealing Pig (134 Smith St, Mission Hill, near Brigham Circle T stop)','2010-10-17 21:21:34','2010-11-03 00:13:40','2010-11-03 00:13:40'),(21,'Bella Luna (284 Amory St, Jamaica Plain, near Stony Brook T stop)','2010-10-17 21:21:34','2010-11-03 00:13:24','2010-11-03 00:13:24'),(22,'Sister Sorel (645 Tremont Street, Boston, near Back Bay T stop)','2010-10-17 21:21:34','2010-11-03 00:15:55','2010-11-03 00:15:55'),(23,'The Druid (1357 Cambridge St, Cambridge, in Inman Square)','2010-10-17 21:21:34','2010-11-03 01:18:28','2010-11-03 01:18:28');
/*!40000 ALTER TABLE `date_suggestions` ENABLE KEYS */;
UNLOCK TABLES;

--
-- Table structure for table `dflns`
--

DROP TABLE IF EXISTS `dflns`;
/*!40101 SET @saved_cs_client     = @@character_set_client */;
/*!40101 SET character_set_client = utf8 */;
CREATE TABLE `dflns` (
  `id` int(11) NOT NULL AUTO_INCREMENT,
  `text` varchar(255) COLLATE utf8_unicode_ci DEFAULT NULL,
  `user_id` int(11) DEFAULT NULL,
  `created_at` datetime DEFAULT NULL,
  `updated_at` datetime DEFAULT NULL,
  `meetup_id` int(11) DEFAULT NULL,
  PRIMARY KEY (`id`)
) ENGINE=InnoDB AUTO_INCREMENT=23 DEFAULT CHARSET=utf8 COLLATE=utf8_unicode_ci;
/*!40101 SET character_set_client = @saved_cs_client */;

--
-- Dumping data for table `dflns`
--

LOCK TABLES `dflns` WRITE;
/*!40000 ALTER TABLE `dflns` DISABLE KEYS */;
INSERT INTO `dflns` VALUES (1,'More pizza then I could have ever hoped for!',1,'2010-10-17 21:32:26','2010-10-17 21:33:03',3),(2,'She looked awfully masculine...',2,'2010-10-17 21:32:26','2010-10-17 21:33:06',3),(3,'Don\'t kiss and yell...',1,'2010-10-17 21:41:01','2010-10-17 21:41:39',3),(4,'What what in the butt',2,'2010-10-17 21:41:02','2010-10-17 22:02:31',3),(5,'Safeword',5,'2010-10-18 14:00:01','2010-10-21 03:01:52',5),(6,'Dropped the \"I have a boyfriend bomb\" just as he walked in on us.',4,'2010-10-18 14:00:02','2010-10-18 14:01:49',5),(7,'New date',3,'2010-10-18 14:00:04','2010-10-19 01:18:40',9),(8,'Safeword',5,'2010-10-18 14:00:05','2010-10-20 23:46:51',9),(9,'New date',1,'2010-10-18 14:00:08','2010-10-19 01:49:58',10),(10,'Safeword',5,'2010-10-18 14:00:09','2010-10-19 21:18:07',10),(11,'She seemed really tired, like she had already been on a date earlier that night.',3,'2010-10-18 14:00:14','2010-10-18 14:53:28',7),(12,'Best blind date of my life!',1,'2010-10-18 14:00:14','2010-10-18 14:02:11',7),(13,'I ended up canceling the date :/',61,'2010-10-20 14:00:02','2010-10-20 14:15:17',30),(14,'We didn\'t go in the end ... :\'(',2,'2010-10-20 14:00:02','2010-10-20 14:14:37',30),(15,'Accept',48,'2010-10-25 14:00:08','2010-10-31 23:51:35',94),(16,'Standard, well educated, internet fare. ',71,'2010-10-25 14:00:09','2010-10-25 14:05:44',94),(17,'accept',70,'2010-10-28 14:00:01','2010-11-03 00:22:16',103),(18,'Unfortunately she had to work in the morning and backed out.',58,'2010-10-28 14:00:01','2010-10-28 22:03:05',103),(19,'You have bugs, instalover',2,'2010-10-30 14:00:02','2010-10-30 22:25:27',111),(20,'I think she blew me off for some other guy.',3,'2010-10-30 14:00:02','2010-10-30 14:02:59',111),(21,'Went to a Halloween party. It was a lot of fun.',48,'2010-11-01 14:00:01','2010-11-01 18:39:50',126),(22,'Terrible.',106,'2010-11-01 14:00:01','2010-11-01 14:01:09',126);
/*!40000 ALTER TABLE `dflns` ENABLE KEYS */;
UNLOCK TABLES;

--
-- Table structure for table `meetups`
--

DROP TABLE IF EXISTS `meetups`;
/*!40101 SET @saved_cs_client     = @@character_set_client */;
/*!40101 SET character_set_client = utf8 */;
CREATE TABLE `meetups` (
  `id` int(11) NOT NULL AUTO_INCREMENT,
  `first_user_id` int(11) DEFAULT NULL,
  `second_user_id` int(11) DEFAULT NULL,
  `meet_at` datetime DEFAULT NULL,
  `description` varchar(255) COLLATE utf8_unicode_ci DEFAULT NULL,
  `created_at` datetime DEFAULT NULL,
  `updated_at` datetime DEFAULT NULL,
  `state` varchar(255) COLLATE utf8_unicode_ci DEFAULT 'proposed',
  PRIMARY KEY (`id`),
  KEY `index_meetups_on_first_user_id` (`first_user_id`),
  KEY `index_meetups_on_second_user_id` (`second_user_id`),
  KEY `index_meetups_on_location` (`description`)
) ENGINE=InnoDB AUTO_INCREMENT=165 DEFAULT CHARSET=utf8 COLLATE=utf8_unicode_ci;
/*!40101 SET character_set_client = @saved_cs_client */;

--
-- Dumping data for table `meetups`
--

LOCK TABLES `meetups` WRITE;
/*!40000 ALTER TABLE `meetups` DISABLE KEYS */;
INSERT INTO `meetups` VALUES (1,1,NULL,NULL,'Silvertone (69 Bromfield St, Boston, near Park St Station) at 06:24PM','2010-10-17 21:24:47','2010-10-17 21:27:37','cancelled'),(2,3,NULL,NULL,'The Druid (1357 Cambridge St, Cambridge, in Inman Square) at 06:26PM','2010-10-17 21:26:15','2010-10-17 21:31:37','cancelled'),(3,1,2,NULL,'Charlie\'s Kitchen (10 Eliot St, Cambridge, in Harvard Square) at 06:28PM','2010-10-17 21:28:11','2010-10-17 21:29:40','scheduled'),(4,5,NULL,NULL,'Bella Luna (284 Amory St, Jamaica Plain, near Stony Brook T stop) at 07:31PM','2010-10-17 22:31:28','2010-10-17 22:36:35','cancelled'),(5,5,4,NULL,'The Squealing Pig (134 Smith St, Mission Hill, near Brigham Circle T stop) at 07:37PM','2010-10-17 22:37:43','2010-10-17 22:39:19','scheduled'),(7,3,1,NULL,'Bukowski Tavern (50 Dalton St, Boston, near Hynes Station) at 07:52PM','2010-10-17 22:52:32','2010-10-17 22:53:53','scheduled'),(8,2,NULL,NULL,'River Gods (125 River St, Cambridge, near Central Square) at 07:53PM','2010-10-17 22:53:38','2010-10-17 22:59:07','cancelled'),(9,3,5,NULL,'Matt Murphy\'s Pub (14 Harvard St, Brookline, near Brookline Village T stop) at 08:26PM','2010-10-17 23:26:37','2010-10-17 23:28:04','scheduled'),(10,1,5,NULL,'Lord Hobo (92 Hampshire St, Cambridge, near Inman Square) at 09:10PM','2010-10-18 00:10:09','2010-10-18 00:11:19','scheduled'),(11,8,NULL,NULL,'The Plough & Stars (912 Mass Ave, Cambridge, in between Central and Harvard Square) at 09:22PM','2010-10-18 00:22:27','2010-10-18 00:27:28','cancelled'),(12,3,NULL,NULL,'Central Kitchen (567 Mass Ave, Cambridge, near Central Square) at 11:29PM','2010-10-18 02:29:11','2010-10-18 02:34:52','cancelled'),(13,11,NULL,NULL,'Sister Sorel (645 Tremont Street, Boston, near Back Bay T stop) at 11:59PM','2010-10-18 02:59:03','2010-10-18 03:04:30','cancelled'),(15,29,NULL,NULL,'Tory Row (3 Brattle St, Cambridge, in Harvard Square) at 02:11PM','2010-10-18 17:11:12','2010-10-18 17:13:49','cancelled'),(16,32,NULL,NULL,'JP Licks (352 Newbury St, Boston, near Hynes Station) at 02:41PM','2010-10-18 17:41:39','2010-10-18 17:46:40','cancelled'),(18,27,NULL,NULL,'Green Street Grill (280 Green St, Cambridge, near Central Square) at 05:24PM','2010-10-18 20:24:02','2010-10-18 20:28:23','cancelled'),(20,34,NULL,NULL,'Diesel Cafe (257 Elm St, Somerville, in Davis Square) at 05:28PM','2010-10-18 20:28:03','2010-10-18 20:32:17','cancelled'),(22,32,NULL,NULL,'Stoddard\'s (48 Temple Pl, Boston, near Park St Station) at 09:45PM','2010-10-19 00:45:51','2010-10-19 00:49:22','cancelled'),(24,1,NULL,NULL,'Silvertone (69 Bromfield St, Boston, near Park St Station) at 10:51PM','2010-10-19 01:51:51','2010-10-19 01:55:41','cancelled'),(25,3,NULL,NULL,'The Druid (1357 Cambridge St, Cambridge, in Inman Square) at 11:22PM','2010-10-19 02:22:47','2010-10-19 02:28:45','cancelled'),(26,47,NULL,NULL,'Charlie\'s Kitchen (10 Eliot St, Cambridge, in Harvard Square) at 11:29PM','2010-10-19 02:29:12','2010-10-19 02:34:20','cancelled'),(27,51,NULL,NULL,'Bella Luna (284 Amory St, Jamaica Plain, near Stony Brook T stop) at 11:30PM','2010-10-19 02:30:42','2010-10-19 02:37:06','cancelled'),(28,51,NULL,NULL,'The Squealing Pig (134 Smith St, Mission Hill, near Brigham Circle T stop) at 11:38PM','2010-10-19 02:38:44','2010-10-19 02:44:07','cancelled'),(29,58,NULL,NULL,'The Pour House (907 Boylston St, Boston, near Hynes Station) at 03:19PM','2010-10-19 18:19:45','2010-10-19 18:24:46','cancelled'),(30,61,2,NULL,'Bukowski Tavern (50 Dalton St, Boston, near Hynes Station) at 05:55PM','2010-10-19 20:55:23','2010-10-19 20:57:08','scheduled'),(31,62,NULL,NULL,'River Gods (125 River St, Cambridge, near Central Square) at 06:05PM','2010-10-19 21:05:48','2010-10-19 21:11:29','cancelled'),(32,61,NULL,NULL,'Matt Murphy\'s Pub (14 Harvard St, Brookline, near Brookline Village T stop) at 06:27PM','2010-10-19 21:27:49','2010-10-19 21:32:52','cancelled'),(33,63,NULL,NULL,'Lord Hobo (92 Hampshire St, Cambridge, near Inman Square) at 06:31PM','2010-10-19 21:31:29','2010-10-19 21:36:30','cancelled'),(46,3,NULL,NULL,'American Craft (1700 Beacon St, Brookline, near Washington Square) at 06:43PM','2010-10-19 21:43:13','2010-10-19 21:48:32','cancelled'),(47,48,NULL,NULL,'Silvertone (69 Bromfield St, Boston, near Park St Station) at 06:52PM','2010-10-20 21:52:00','2010-10-20 22:00:39','cancelled'),(49,32,NULL,NULL,'Charlie\'s Kitchen (10 Eliot St, Cambridge, in Harvard Square) at 06:56PM','2010-10-20 21:56:39','2010-10-20 22:02:24','cancelled'),(52,48,NULL,NULL,'The Pour House (907 Boylston St, Boston, near Hynes Station) at 07:30PM','2010-10-20 22:30:23','2010-10-20 22:36:28','cancelled'),(56,64,NULL,NULL,'Lord Hobo (92 Hampshire St, Cambridge, near Inman Square) at 09:52PM','2010-10-21 00:52:36','2010-10-21 00:52:40','cancelled'),(59,64,NULL,NULL,'Sister Sorel (645 Tremont Street, Boston, near Back Bay T stop) at 09:54PM','2010-10-21 00:54:33','2010-10-21 00:55:05','cancelled'),(60,64,NULL,NULL,'Franklin Cafe (278 Shawmut Ave, Boston, near Back Bay Station) at 09:56PM','2010-10-21 00:56:17','2010-10-21 00:56:25','cancelled'),(61,70,NULL,NULL,'Tory Row (3 Brattle St, Cambridge, in Harvard Square) at 10:17PM','2010-10-21 01:17:20','2010-10-21 01:24:03','cancelled'),(63,70,NULL,NULL,'Russell House Tavern (14 JFK St, Cambridge, in Harvard Station) at 10:30PM','2010-10-21 01:30:21','2010-10-21 01:30:57','cancelled'),(64,3,NULL,NULL,'Green Street Grill (280 Green St, Cambridge, near Central Square) at 10:32PM','2010-10-21 01:32:38','2010-10-21 01:37:39','cancelled'),(67,70,NULL,NULL,'1369 Coffeehouse (757 Mass Ave, Cambridge, in Central Square) at 10:34PM','2010-10-21 01:34:58','2010-10-21 01:35:22','cancelled'),(71,3,NULL,NULL,'The Druid (1357 Cambridge St, Cambridge, in Inman Square) at 10:37PM','2010-10-21 01:37:59','2010-10-21 01:43:20','cancelled'),(72,70,NULL,NULL,'Charlie\'s Kitchen (10 Eliot St, Cambridge, in Harvard Square) at 10:38PM','2010-10-21 01:38:32','2010-10-21 01:39:01','cancelled'),(73,70,NULL,NULL,'Bella Luna (284 Amory St, Jamaica Plain, near Stony Brook T stop) at 10:39PM','2010-10-21 01:39:53','2010-10-21 01:40:01','cancelled'),(75,70,NULL,NULL,'The Pour House (907 Boylston St, Boston, near Hynes Station) at 10:40PM','2010-10-21 01:40:53','2010-10-21 01:41:18','cancelled'),(76,70,NULL,NULL,'Bukowski Tavern (50 Dalton St, Boston, near Hynes Station) at 10:41PM','2010-10-21 01:41:53','2010-10-21 01:41:57','cancelled'),(77,70,NULL,NULL,'River Gods (125 River St, Cambridge, near Central Square) at 10:42PM','2010-10-21 01:42:25','2010-10-21 01:42:55','cancelled'),(78,3,NULL,NULL,'Matt Murphy\'s Pub (14 Harvard St, Brookline, near Brookline Village T stop) at 10:43PM','2010-10-21 01:43:39','2010-10-21 01:49:01','cancelled'),(80,70,NULL,NULL,'The Plough & Stars (912 Mass Ave, Cambridge, in between Central and Harvard Square) at 10:44PM','2010-10-21 01:44:26','2010-10-21 01:44:54','cancelled'),(81,3,NULL,NULL,'Central Kitchen (567 Mass Ave, Cambridge, near Central Square) at 10:50PM','2010-10-21 01:50:51','2010-10-21 01:56:12','cancelled'),(84,70,NULL,NULL,'Tory Row (3 Brattle St, Cambridge, in Harvard Square) at 10:52PM','2010-10-21 01:52:47','2010-10-21 01:56:25','cancelled'),(85,72,NULL,NULL,'JP Licks (352 Newbury St, Boston, near Hynes Station) at 11:37PM','2010-10-21 02:37:39','2010-10-21 02:43:06','cancelled'),(86,77,NULL,NULL,'Russell House Tavern (14 JFK St, Cambridge, in Harvard Station) at 05:43PM','2010-10-21 20:43:19','2010-10-21 20:48:23','cancelled'),(90,77,NULL,NULL,'1369 Coffeehouse (757 Mass Ave, Cambridge, in Central Square) at 05:53PM','2010-10-21 20:53:31','2010-10-21 20:54:12','cancelled'),(91,83,NULL,NULL,'Stoddard\'s (48 Temple Pl, Boston, near Park St Station) at 09:45PM','2010-10-22 00:45:09','2010-10-22 00:50:11','cancelled'),(93,87,NULL,NULL,'Silvertone (69 Bromfield St, Boston, near Park St Station) at 09:24PM','2010-10-23 00:24:42','2010-10-23 00:29:01','cancelled'),(94,48,71,NULL,'The Druid (1357 Cambridge St, Cambridge, in Inman Square) at 08:53PM','2010-10-24 23:53:53','2010-10-24 23:57:30','scheduled'),(95,29,NULL,NULL,'Charlie\'s Kitchen (10 Eliot St, Cambridge, in Harvard Square) at 11:20PM','2010-10-26 02:20:10','2010-10-26 02:25:11','cancelled'),(99,70,NULL,NULL,'Bukowski Tavern (50 Dalton St, Boston, near Hynes Station) at 09:34PM','2010-10-28 00:34:00','2010-10-28 00:34:54','cancelled'),(100,70,NULL,NULL,'River Gods (125 River St, Cambridge, near Central Square) at 09:35PM','2010-10-28 00:35:58','2010-10-28 00:41:29','cancelled'),(102,70,NULL,NULL,'Lord Hobo (92 Hampshire St, Cambridge, near Inman Square) at 09:44PM','2010-10-28 00:44:12','2010-10-28 00:51:19','cancelled'),(103,70,58,NULL,'The Plough & Stars (912 Mass Ave, Cambridge, in between Central and Harvard Square) at 09:53PM','2010-10-28 00:53:46','2010-10-28 01:02:45','scheduled'),(104,26,NULL,NULL,'Central Kitchen (567 Mass Ave, Cambridge, near Central Square) at 11:58PM','2010-10-28 02:58:49','2010-10-28 03:03:54','cancelled'),(108,97,NULL,NULL,'JP Licks (352 Newbury St, Boston, near Hynes Station) at 08:58PM','2010-10-28 23:58:30','2010-10-29 00:04:07','cancelled'),(110,58,NULL,NULL,'Green Street Grill (280 Green St, Cambridge, near Central Square) at 07:38PM','2010-10-29 22:38:39','2010-10-29 22:43:03','cancelled'),(111,2,3,NULL,'Harvard Book Store (1256 Mass Ave, Cambridge, in Harvard Square) at 09:53PM','2010-10-30 00:53:37','2010-10-30 00:56:14','scheduled'),(112,2,NULL,NULL,'Diesel Cafe (257 Elm St, Somerville, in Davis Square) at 09:58PM','2010-10-30 00:58:32','2010-10-30 00:58:40','cancelled'),(114,2,NULL,NULL,'Stoddard\'s (48 Temple Pl, Boston, near Park St Station) at 09:59PM','2010-10-30 00:59:30','2010-10-30 01:05:02','cancelled'),(118,4,NULL,NULL,'Charlie\'s Kitchen (10 Eliot St, Cambridge, in Harvard Square) at 08:09PM','2010-10-30 23:09:00','2010-10-30 23:14:30','cancelled'),(126,48,106,NULL,'The Plough & Stars (912 Mass Ave, Cambridge, in between Central and Harvard Square) at 09:09PM','2010-11-01 00:09:44','2010-11-01 00:10:50','scheduled'),(129,32,NULL,NULL,'Franklin Cafe (278 Shawmut Ave, Boston, near Back Bay Station) at 09:15PM','2010-11-01 00:15:41','2010-11-01 00:19:14','cancelled'),(130,107,NULL,NULL,'Tory Row (3 Brattle St, Cambridge, in Harvard Square) at 10:00PM','2010-11-01 01:00:27','2010-11-01 01:05:28','cancelled'),(132,107,NULL,NULL,'Russell House Tavern (14 JFK St, Cambridge, in Harvard Station) at 10:12PM','2010-11-01 01:12:03','2010-11-01 01:16:23','cancelled'),(133,32,NULL,NULL,'Green Street Grill (280 Green St, Cambridge, near Central Square) at 10:25PM','2010-11-01 01:25:08','2010-11-01 01:30:10','cancelled'),(139,110,NULL,NULL,'Silvertone (69 Bromfield St, Boston, near Park St Station) at 11:29PM','2010-11-02 02:29:58','2010-11-02 02:33:26','cancelled'),(140,110,NULL,NULL,'The Druid (1357 Cambridge St, Cambridge, in Inman Square) at 11:36PM','2010-11-02 02:36:47','2010-11-02 02:42:11','cancelled'),(148,3,NULL,NULL,'Lord Hobo (92 Hampshire St, Cambridge, near Inman Square) at 09:14PM','2010-11-03 00:14:59','2010-11-03 00:20:18','cancelled'),(154,4,NULL,NULL,'JP Licks (352 Newbury St, Boston, near Hynes Station) at 09:16PM','2010-11-03 00:16:52','2010-11-03 00:18:10','cancelled'),(156,112,NULL,NULL,'Green Street Grill (280 Green St, Cambridge, near Central Square) at 09:23PM','2010-11-03 00:23:14','2010-11-03 00:28:31','cancelled'),(158,70,NULL,NULL,'Diesel Cafe (257 Elm St, Somerville, in Davis Square) at 09:39PM','2010-11-03 00:39:50','2010-11-03 00:45:28','cancelled'),(159,70,NULL,NULL,'1369 Coffeehouse (757 Mass Ave, Cambridge, in Central Square) at 09:55PM','2010-11-03 00:55:39','2010-11-03 01:00:40','cancelled'),(164,4,NULL,NULL,'Charlie\'s Kitchen (10 Eliot St, Cambridge, in Harvard Square) at 10:18PM','2010-11-03 01:18:53','2010-11-03 01:24:19','cancelled');
/*!40000 ALTER TABLE `meetups` ENABLE KEYS */;
UNLOCK TABLES;

--
-- Table structure for table `offers`
--

DROP TABLE IF EXISTS `offers`;
/*!40101 SET @saved_cs_client     = @@character_set_client */;
/*!40101 SET character_set_client = utf8 */;
CREATE TABLE `offers` (
  `id` int(11) NOT NULL AUTO_INCREMENT,
  `meetup_id` int(11) DEFAULT NULL,
  `offered_user_id` int(11) DEFAULT NULL,
  `created_at` datetime DEFAULT NULL,
  `updated_at` datetime DEFAULT NULL,
  `state` varchar(255) COLLATE utf8_unicode_ci DEFAULT 'pending',
  PRIMARY KEY (`id`),
  KEY `index_offers_on_state` (`state`)
) ENGINE=InnoDB AUTO_INCREMENT=102 DEFAULT CHARSET=utf8 COLLATE=utf8_unicode_ci;
/*!40101 SET character_set_client = @saved_cs_client */;

--
-- Dumping data for table `offers`
--

LOCK TABLES `offers` WRITE;
/*!40000 ALTER TABLE `offers` DISABLE KEYS */;
INSERT INTO `offers` VALUES (1,3,2,'2010-10-17 21:28:33','2010-10-17 22:53:38','canceled'),(2,5,4,'2010-10-17 22:38:29','2010-10-30 23:07:12','canceled'),(3,7,1,'2010-10-17 22:52:52','2010-10-18 00:10:09','canceled'),(4,7,2,'2010-10-17 22:52:52','2010-10-17 22:53:38','canceled'),(5,7,5,'2010-10-17 22:52:52','2010-10-17 22:53:53','declined'),(6,9,5,'2010-10-17 23:27:08','2010-10-17 23:28:04','accepted'),(7,10,2,'2010-10-18 00:10:34','2010-10-30 00:53:37','canceled'),(8,10,5,'2010-10-18 00:10:34','2010-10-18 00:11:19','accepted'),(9,12,2,'2010-10-18 02:29:47','2010-10-18 02:34:52','canceled'),(10,12,5,'2010-10-18 02:29:47','2010-10-18 02:34:52','canceled'),(11,25,2,'2010-10-19 02:23:45','2010-10-19 02:28:45','canceled'),(12,25,5,'2010-10-19 02:23:45','2010-10-19 02:28:45','canceled'),(13,25,42,'2010-10-19 02:23:45','2010-10-19 02:28:45','canceled'),(14,27,34,'2010-10-19 02:32:03','2010-10-19 02:37:06','canceled'),(15,30,2,'2010-10-19 20:55:54','2010-10-30 00:53:37','canceled'),(16,30,5,'2010-10-19 20:55:54','2010-10-19 20:57:08','declined'),(17,31,2,'2010-10-19 21:06:25','2010-10-19 21:11:29','canceled'),(18,31,5,'2010-10-19 21:06:25','2010-10-19 21:11:29','canceled'),(19,46,42,'2010-10-19 21:43:27','2010-10-19 21:48:32','canceled'),(20,47,2,'2010-10-20 21:55:34','2010-10-20 22:00:39','canceled'),(21,47,5,'2010-10-20 21:55:34','2010-10-20 22:00:39','canceled'),(22,47,34,'2010-10-20 21:55:34','2010-10-20 22:00:39','canceled'),(23,47,42,'2010-10-20 21:55:34','2010-10-20 22:00:39','canceled'),(24,61,9,'2010-10-21 01:18:56','2010-10-21 01:24:03','canceled'),(25,61,12,'2010-10-21 01:18:56','2010-10-21 01:24:03','canceled'),(26,61,20,'2010-10-21 01:18:56','2010-10-21 01:24:03','canceled'),(27,61,22,'2010-10-21 01:18:56','2010-10-21 01:24:03','canceled'),(28,61,29,'2010-10-21 01:18:56','2010-10-21 01:24:03','canceled'),(29,71,2,'2010-10-21 01:38:18','2010-10-21 01:43:20','canceled'),(30,71,5,'2010-10-21 01:38:18','2010-10-21 01:43:20','canceled'),(31,71,71,'2010-10-21 01:38:18','2010-10-21 01:43:20','canceled'),(32,81,70,'2010-10-21 01:51:08','2010-10-21 01:51:22','canceled'),(33,94,2,'2010-10-24 23:54:25','2010-10-30 00:53:37','canceled'),(34,94,5,'2010-10-24 23:54:25','2010-10-28 04:11:35','canceled'),(35,94,34,'2010-10-24 23:54:25','2010-10-28 04:11:35','canceled'),(36,94,71,'2010-10-24 23:54:25','2010-10-24 23:57:30','accepted'),(37,94,90,'2010-10-24 23:54:25','2010-10-28 04:11:35','canceled'),(38,100,3,'2010-10-28 00:36:24','2010-10-28 00:41:29','canceled'),(39,100,9,'2010-10-28 00:36:24','2010-10-28 00:41:29','canceled'),(40,100,10,'2010-10-28 00:36:24','2010-10-28 00:41:29','canceled'),(41,100,12,'2010-10-28 00:36:24','2010-10-28 00:41:29','canceled'),(42,100,20,'2010-10-28 00:36:24','2010-10-28 00:41:29','canceled'),(43,102,22,'2010-10-28 00:46:13','2010-10-28 00:51:19','canceled'),(44,102,29,'2010-10-28 00:46:13','2010-10-28 00:51:19','canceled'),(45,102,37,'2010-10-28 00:46:13','2010-10-28 00:51:19','canceled'),(46,102,43,'2010-10-28 00:46:13','2010-10-28 00:51:19','canceled'),(47,102,52,'2010-10-28 00:46:13','2010-10-28 00:51:19','canceled'),(48,103,56,'2010-10-28 00:58:35','2010-10-28 01:02:45','declined'),(49,103,58,'2010-10-28 00:58:35','2010-10-29 22:38:00','canceled'),(50,103,68,'2010-10-28 00:58:35','2010-10-28 01:02:45','declined'),(51,103,72,'2010-10-28 00:58:35','2010-10-28 01:02:45','declined'),(52,103,88,'2010-10-28 00:58:35','2010-10-28 01:02:45','declined'),(53,108,2,'2010-10-28 23:59:02','2010-10-29 00:04:07','canceled'),(54,108,70,'2010-10-28 23:59:02','2010-10-29 00:04:07','canceled'),(55,111,1,'2010-10-30 00:54:00','2010-10-30 00:56:14','declined'),(56,111,3,'2010-10-30 00:54:00','2010-11-03 00:14:59','canceled'),(57,111,4,'2010-10-30 00:54:00','2010-10-30 23:07:12','canceled'),(58,111,9,'2010-10-30 00:54:01','2010-10-30 00:56:14','declined'),(59,111,10,'2010-10-30 00:54:01','2010-10-30 00:56:14','declined'),(60,114,1,'2010-10-30 00:59:56','2010-10-30 01:05:02','canceled'),(61,114,3,'2010-10-30 00:59:57','2010-10-30 01:05:02','canceled'),(62,114,4,'2010-10-30 00:59:57','2010-10-30 01:05:02','canceled'),(63,114,9,'2010-10-30 00:59:57','2010-10-30 01:05:02','canceled'),(64,114,10,'2010-10-30 00:59:57','2010-10-30 01:05:02','canceled'),(65,118,101,'2010-10-30 23:09:23','2010-10-30 23:14:30','canceled'),(66,118,71,'2010-10-30 23:09:23','2010-10-30 23:14:30','canceled'),(67,118,90,'2010-10-30 23:09:23','2010-10-30 23:14:30','canceled'),(68,118,2,'2010-10-30 23:09:23','2010-10-30 23:14:30','canceled'),(69,123,25,'2010-10-31 23:43:15','2010-10-31 23:48:18','canceled'),(70,123,26,'2010-10-31 23:43:15','2010-10-31 23:48:18','canceled'),(71,123,27,'2010-10-31 23:43:15','2010-10-31 23:48:18','canceled'),(72,123,32,'2010-10-31 23:43:15','2010-10-31 23:48:18','canceled'),(73,123,39,'2010-10-31 23:43:15','2010-10-31 23:48:18','canceled'),(74,125,46,'2010-10-31 23:49:57','2010-10-31 23:54:58','canceled'),(75,125,47,'2010-10-31 23:49:57','2010-10-31 23:54:58','canceled'),(76,125,48,'2010-10-31 23:49:57','2010-10-31 23:54:58','canceled'),(78,125,57,'2010-10-31 23:49:57','2010-10-31 23:54:58','canceled'),(80,126,34,'2010-11-01 00:10:11','2010-11-01 00:10:51','declined'),(81,126,2,'2010-11-01 00:10:11','2010-11-01 00:10:51','declined'),(82,126,71,'2010-11-01 00:10:11','2010-11-01 00:10:51','declined'),(83,126,90,'2010-11-01 00:10:11','2010-11-01 00:10:51','declined'),(84,140,101,'2010-11-02 02:37:05','2010-11-02 02:42:10','canceled'),(85,140,2,'2010-11-02 02:37:05','2010-11-02 02:42:10','canceled'),(86,140,34,'2010-11-02 02:37:05','2010-11-02 02:42:10','canceled'),(87,140,71,'2010-11-02 02:37:05','2010-11-02 02:42:10','canceled'),(88,140,90,'2010-11-02 02:37:05','2010-11-02 02:42:10','canceled'),(89,148,70,'2010-11-03 00:15:15','2010-11-03 00:20:18','canceled'),(90,148,2,'2010-11-03 00:15:15','2010-11-03 00:20:18','canceled'),(91,148,71,'2010-11-03 00:15:15','2010-11-03 00:20:18','canceled'),(92,148,101,'2010-11-03 00:15:15','2010-11-03 00:20:18','canceled'),(93,156,90,'2010-11-03 00:23:31','2010-11-03 00:28:31','canceled'),(94,158,97,'2010-11-03 00:40:26','2010-11-03 00:45:28','canceled'),(95,158,104,'2010-11-03 00:40:26','2010-11-03 00:45:28','canceled'),(96,158,108,'2010-11-03 00:40:26','2010-11-03 00:45:28','canceled'),(97,158,12,'2010-11-03 00:40:26','2010-11-03 00:45:28','canceled'),(98,158,20,'2010-11-03 00:40:26','2010-11-03 00:45:28','canceled'),(99,164,2,'2010-11-03 01:19:14','2010-11-03 01:24:18','canceled'),(100,164,71,'2010-11-03 01:19:14','2010-11-03 01:24:19','canceled'),(101,164,101,'2010-11-03 01:19:14','2010-11-03 01:24:19','canceled');
/*!40000 ALTER TABLE `offers` ENABLE KEYS */;
UNLOCK TABLES;

--
-- Table structure for table `schema_migrations`
--

DROP TABLE IF EXISTS `schema_migrations`;
/*!40101 SET @saved_cs_client     = @@character_set_client */;
/*!40101 SET character_set_client = utf8 */;
CREATE TABLE `schema_migrations` (
  `version` varchar(255) COLLATE utf8_unicode_ci NOT NULL,
  UNIQUE KEY `unique_schema_migrations` (`version`)
) ENGINE=InnoDB DEFAULT CHARSET=utf8 COLLATE=utf8_unicode_ci;
/*!40101 SET character_set_client = @saved_cs_client */;

--
-- Dumping data for table `schema_migrations`
--

LOCK TABLES `schema_migrations` WRITE;
/*!40000 ALTER TABLE `schema_migrations` DISABLE KEYS */;
INSERT INTO `schema_migrations` VALUES ('20101016131240'),('20101016132303'),('20101016152127'),('20101016193332'),('20101016211141'),('20101016213915'),('20101016214102'),('20101016231305'),('20101017022001'),('20101017170552'),('20101017175057'),('20101017183709');
/*!40000 ALTER TABLE `schema_migrations` ENABLE KEYS */;
UNLOCK TABLES;

--
-- Table structure for table `users`
--

DROP TABLE IF EXISTS `users`;
/*!40101 SET @saved_cs_client     = @@character_set_client */;
/*!40101 SET character_set_client = utf8 */;
CREATE TABLE `users` (
  `id` int(11) NOT NULL AUTO_INCREMENT,
  `phone_number` varchar(255) COLLATE utf8_unicode_ci DEFAULT NULL,
  `location` varchar(255) COLLATE utf8_unicode_ci DEFAULT NULL,
  `name` varchar(255) COLLATE utf8_unicode_ci DEFAULT NULL,
  `secret_code` varchar(255) COLLATE utf8_unicode_ci DEFAULT NULL,
  `description` text COLLATE utf8_unicode_ci,
  `male` tinyint(1) DEFAULT NULL,
  `female` tinyint(1) DEFAULT NULL,
  `other` tinyint(1) DEFAULT NULL,
  `looking_for_male` tinyint(1) DEFAULT NULL,
  `looking_for_female` tinyint(1) DEFAULT NULL,
  `looking_for_other` tinyint(1) DEFAULT NULL,
  `looking_for_minimum_age` int(11) DEFAULT NULL,
  `looking_for_maximum_age` int(11) DEFAULT NULL,
  `dob` date DEFAULT NULL,
  `created_at` datetime DEFAULT NULL,
  `updated_at` datetime DEFAULT NULL,
  PRIMARY KEY (`id`),
  KEY `index_users_on_phone_number` (`phone_number`),
  KEY `index_users_on_male_and_female_and_other_and_dob` (`male`,`female`,`other`,`dob`)
) ENGINE=InnoDB AUTO_INCREMENT=114 DEFAULT CHARSET=utf8 COLLATE=utf8_unicode_ci;
/*!40101 SET character_set_client = @saved_cs_client */;

--
-- Dumping data for table `users`
--

LOCK TABLES `users` WRITE;
/*!40000 ALTER TABLE `users` DISABLE KEYS */;
INSERT INTO `users` VALUES (1,'15852165657',NULL,'Jason','heart','dark hair, brown eyes, glasses, super duper hot and charming',1,0,0,0,1,0,18,35,'1983-11-06','2010-10-17 21:22:48','2010-10-17 22:58:14'),(2,'16177102461',NULL,'Emma','date','Tall, short curly hair, amazing musical and literary tastes',0,1,0,1,1,1,18,35,'1984-09-01','2010-10-17 21:23:53','2010-10-19 02:12:16'),(3,'14135191558',NULL,'Chad','morning','6\' tall, most likely wearing black.',1,0,0,0,1,0,22,42,'1981-11-03','2010-10-17 21:24:30','2010-10-19 21:49:17'),(4,'18572778808',NULL,'Mike','booze','Black shirt, rectangular glasses, slim.',1,0,0,0,1,0,21,32,'1983-12-31','2010-10-17 22:20:40','2010-10-17 22:27:41'),(6,'18572346134',NULL,'Kitty','lotion','dark hair, dark-rimmed glasses',0,1,0,1,0,0,32,42,'1973-01-01','2010-10-17 23:21:32','2010-10-17 23:23:14'),(7,'12345678901',NULL,NULL,'morning',NULL,NULL,NULL,NULL,NULL,NULL,NULL,NULL,NULL,NULL,'2010-10-18 00:00:25','2010-10-18 00:00:25'),(9,'15083300016',NULL,'Matt','mucus','Theyd probably recognize my face from their girlfriends cell phone.',1,0,0,0,1,0,18,55,'1979-12-19','2010-10-18 01:44:50','2010-10-18 01:47:07'),(10,'15087407520',NULL,'Leonard','huge','I\'m usually wearing a lion suit. I\'m a furry.',1,0,0,0,1,0,18,38,'1982-04-13','2010-10-18 01:57:13','2010-10-18 01:58:55'),(12,'19045029931',NULL,'Paul','mucus','Blonde hair, blue eyes, from the south ',1,0,0,0,1,0,20,45,'1981-10-11','2010-10-18 03:02:09','2010-10-18 03:07:42'),(13,'15174607516',NULL,NULL,'date',NULL,NULL,NULL,NULL,NULL,NULL,NULL,NULL,NULL,NULL,'2010-10-18 03:20:39','2010-10-18 03:20:39'),(14,'14044050815',NULL,'Ajai','virgin','Look for the guy with the iPhone',1,0,0,0,1,0,19,24,'1989-12-21','2010-10-18 04:26:01','2010-10-18 04:27:28'),(15,'14044050816',NULL,NULL,'bunny',NULL,NULL,NULL,NULL,NULL,NULL,NULL,NULL,NULL,NULL,'2010-10-18 04:28:37','2010-10-18 04:28:37'),(16,'16176646222',NULL,NULL,'shaved',NULL,NULL,NULL,NULL,NULL,NULL,NULL,NULL,NULL,NULL,'2010-10-18 05:05:42','2010-10-18 05:05:42'),(17,'16126676753',NULL,NULL,'mucus',NULL,NULL,NULL,NULL,NULL,NULL,NULL,NULL,NULL,NULL,'2010-10-18 05:10:19','2010-10-18 05:10:19'),(18,'16176666879',NULL,NULL,'virgin',NULL,NULL,NULL,NULL,NULL,NULL,NULL,NULL,NULL,NULL,'2010-10-18 05:11:45','2010-10-18 05:11:45'),(19,'11111111111',NULL,NULL,'huge',NULL,NULL,NULL,NULL,NULL,NULL,NULL,NULL,NULL,NULL,'2010-10-18 05:16:42','2010-10-18 05:16:42'),(20,'19173556517',NULL,'matt','shaved','I\'ll be grinning like a devil and throwing off pheromones like hawking radiation.',1,0,0,0,1,0,18,35,'1976-07-05','2010-10-18 06:02:38','2010-10-18 06:10:33'),(21,'14076179024',NULL,NULL,'divorce',NULL,NULL,NULL,NULL,NULL,NULL,NULL,NULL,NULL,NULL,'2010-10-18 13:35:42','2010-10-18 13:35:42'),(22,'13236841536',NULL,'Lindsey','booze','Bald',1,0,0,0,1,1,22,36,'1981-04-13','2010-10-18 13:35:50','2010-10-19 18:19:37'),(23,'19597927274',NULL,NULL,'love',NULL,NULL,NULL,NULL,NULL,NULL,NULL,NULL,NULL,NULL,'2010-10-18 13:57:42','2010-10-18 13:57:42'),(24,'16179813140',NULL,NULL,'bunny',NULL,NULL,NULL,NULL,NULL,NULL,NULL,NULL,NULL,NULL,'2010-10-18 15:33:58','2010-10-18 15:33:58'),(25,'16178345028',NULL,'Bret','mucus','5\'9\", blond hair, beard, glasses',1,0,0,0,1,0,20,30,'1984-08-11','2010-10-18 15:56:18','2010-10-18 15:57:48'),(26,'12014105108',NULL,'Kevin','sleep','verrryyy carefully.  short, freckly dude',1,0,0,0,1,0,23,27,'1984-09-11','2010-10-18 15:59:17','2010-10-18 16:00:49'),(27,'14127598359',NULL,'Andy','cheat','My hair\'s pretty long. Also, I inexplicably have somewhat red facial hair despite being otherwise blond.',1,0,0,0,1,0,18,26,'1989-05-04','2010-10-18 16:01:25','2010-10-18 16:02:57'),(28,'16266783662',NULL,'Mark','small','I stand out well enough on my own.',1,0,0,0,1,0,18,22,'1992-08-27','2010-10-18 16:02:21','2010-10-18 16:05:41'),(29,'13038868720',NULL,'Martin','heart','Tall, brown hear, blue/brown eyes (yes, really :)',1,0,0,0,1,0,24,38,'1978-06-07','2010-10-18 17:06:47','2010-10-18 17:08:16'),(30,'16176646223',NULL,NULL,'booze',NULL,NULL,NULL,NULL,NULL,NULL,NULL,NULL,NULL,NULL,'2010-10-18 17:24:51','2010-10-18 17:24:51'),(31,'16176646225',NULL,NULL,'heart',NULL,NULL,NULL,NULL,NULL,NULL,NULL,NULL,NULL,NULL,'2010-10-18 17:27:56','2010-10-18 17:27:56'),(32,'19157603419',NULL,'Eric','nerd','Latino, 6\' tall, glasses',1,0,0,0,1,0,18,35,'1988-06-27','2010-10-18 17:39:04','2010-10-18 17:41:04'),(33,'13364801342',NULL,NULL,'morning',NULL,NULL,NULL,NULL,NULL,NULL,NULL,NULL,NULL,NULL,'2010-10-18 18:07:01','2010-10-18 18:07:01'),(34,'15086331333',NULL,'Julissa','bunny','Long black hair, hazel eyes',0,1,0,0,1,0,21,25,'1989-12-02','2010-10-18 20:04:58','2010-10-18 20:20:11'),(35,'17814754633',NULL,'Sanjay','tissue','shaved head',1,0,0,0,1,0,30,50,'1965-12-22','2010-10-18 20:08:19','2010-10-18 20:10:08'),(36,'18132401927',NULL,NULL,'hurt',NULL,NULL,NULL,NULL,NULL,NULL,NULL,NULL,NULL,NULL,'2010-10-18 20:21:59','2010-10-18 20:21:59'),(37,'16176458606',NULL,'Ilya','mucus','Leather jacket, white t-shirt, sweater vest, devastatingly handsome',1,0,0,0,1,0,18,36,'1982-01-21','2010-10-18 20:32:24','2010-10-18 20:39:13'),(38,'12345678912',NULL,NULL,'cheat',NULL,NULL,NULL,NULL,NULL,NULL,NULL,NULL,NULL,NULL,'2010-10-18 20:39:21','2010-10-18 20:39:21'),(39,'16172409307',NULL,'James','lotion','my face',1,0,0,0,1,0,21,30,'1986-03-31','2010-10-18 21:02:42','2010-10-18 21:04:55'),(40,'12038958517',NULL,NULL,'nerd',NULL,NULL,NULL,NULL,NULL,NULL,NULL,NULL,NULL,NULL,'2010-10-18 21:51:40','2010-10-18 21:51:40'),(43,'16172402434',NULL,'Jay','mucus','There\'s smoke and/or fire nearby, people are running around naked, etc...',1,0,0,0,1,0,23,36,'1975-09-24','2010-10-18 23:24:11','2010-10-18 23:29:47'),(44,'16313793852',NULL,'Ian','nerd','short with glasses.',1,0,0,0,1,0,18,24,'1988-11-26','2010-10-19 00:57:12','2010-10-19 00:58:06'),(45,'17246645744',NULL,'Andrew','cheat','Green shirt',1,0,0,0,1,0,20,25,'1986-10-11','2010-10-19 01:28:14','2010-10-19 01:37:35'),(46,'15592124896',NULL,'Zach','small','5\'6\" skinny Caucasian with longish brown hair, glasses, cargo pants, and flipflops.',1,0,0,0,1,0,18,30,'1989-01-21','2010-10-19 01:40:32','2010-10-19 01:45:55'),(47,'16177922071',NULL,'Matt','booze','Bald',1,0,0,0,1,0,18,30,'1985-11-08','2010-10-19 01:44:40','2010-10-19 01:45:33'),(48,'16178637625',NULL,'Jacob','morning','Black hair, medium height, wears sunglasses inside.',1,0,0,0,1,0,20,30,'1985-08-16','2010-10-19 01:46:16','2010-10-19 01:51:56'),(49,'13555555555',NULL,NULL,'friend',NULL,NULL,NULL,NULL,NULL,NULL,NULL,NULL,NULL,NULL,'2010-10-19 01:55:24','2010-10-19 01:55:24'),(50,'16174179010',NULL,NULL,'marry',NULL,NULL,NULL,NULL,NULL,NULL,NULL,NULL,NULL,NULL,'2010-10-19 02:26:14','2010-10-19 02:26:14'),(51,'18604855961',NULL,'JP','heart','Blond hair',1,0,0,0,1,0,18,24,'1988-08-22','2010-10-19 02:28:31','2010-10-19 02:30:02'),(52,'16178269404',NULL,'andres','heart','instantly',1,0,0,0,1,0,18,55,'1979-10-01','2010-10-19 02:56:39','2010-10-19 02:58:24'),(53,'19176237671',NULL,NULL,'regret',NULL,NULL,NULL,NULL,NULL,NULL,NULL,NULL,NULL,NULL,'2010-10-19 03:37:53','2010-10-19 03:37:53'),(54,'13397070526',NULL,'Dan','tissue','The semi-awkward person',1,0,0,0,1,0,19,24,'1988-09-26','2010-10-19 03:52:15','2010-10-19 03:53:51'),(56,'17815911079',NULL,'John','shaved','Beard, gregarious nature! ',1,0,0,0,1,0,25,35,'1979-02-02','2010-10-19 05:29:47','2010-10-19 05:30:49'),(57,'18475799274',NULL,'Adam','huge','I almost always wear my favorite black hoodie.',1,0,0,0,1,0,18,39,'1985-12-21','2010-10-19 14:58:31','2010-10-19 15:00:39'),(58,'16173599903',NULL,'Brij','morning','Tall & dark - looking either pensive or perplexed.',1,0,0,0,1,0,21,55,'1981-01-18','2010-10-19 18:17:35','2010-10-19 18:18:56'),(59,'19782534406',NULL,'Seth','shaved','Bearded and smelly, likes haskell',1,0,0,0,0,1,55,55,'1986-06-16','2010-10-19 18:50:42','2010-10-19 18:52:11'),(60,'12016949060',NULL,NULL,'heart',NULL,NULL,NULL,NULL,NULL,NULL,NULL,NULL,NULL,NULL,'2010-10-19 20:05:14','2010-10-19 20:05:14'),(61,'16178170861',NULL,'ashish','lemon','I\'m really smart. And look the part ;) ',1,0,0,0,1,0,23,30,'1986-06-10','2010-10-19 20:53:06','2010-10-19 20:54:36'),(62,'19735197779',NULL,'Girish','shaved','Short, fat, bald indian dude',1,0,0,0,1,0,23,30,'1983-09-06','2010-10-19 21:03:28','2010-10-19 21:05:09'),(63,'17244275398',NULL,'Harley','tissue','Asian. Short hair. May wear glasses. 5\'8',1,0,0,0,1,0,18,25,'1985-08-24','2010-10-19 21:13:02','2010-10-19 21:17:48'),(64,'18606815095',NULL,'Benjamin','cheat','Brown hair, black glasses, around 6 feet tall.',1,0,0,1,0,0,18,20,'1992-09-07','2010-10-19 21:35:12','2010-10-19 21:37:25'),(65,'17816081602',NULL,NULL,'friend',NULL,NULL,NULL,NULL,NULL,NULL,NULL,NULL,NULL,NULL,'2010-10-20 00:31:48','2010-10-20 00:31:48'),(66,'15083061212',NULL,'test','heart','My large testicles.',1,0,0,0,1,0,25,35,'1964-07-15','2010-10-20 00:48:30','2010-10-20 00:50:12'),(67,'13114452315',NULL,NULL,'sleep',NULL,NULL,NULL,NULL,NULL,NULL,NULL,NULL,NULL,NULL,'2010-10-20 05:22:12','2010-10-20 05:22:12'),(68,'16172918491',NULL,'Vineet','breakfast','Um give me a call?',1,0,0,0,1,1,25,40,'1975-05-15','2010-10-20 14:23:29','2010-10-20 14:25:11'),(69,'12144443040',NULL,NULL,'morning',NULL,NULL,NULL,NULL,NULL,NULL,NULL,NULL,NULL,NULL,'2010-10-20 16:35:56','2010-10-20 16:35:56'),(70,'16179135213',NULL,'Sarah','bunny','Short blonde hair, been told I look like \"Starbuck\" from Battlestar Galactica.  Don\'t watch it, but I\'ve seen the chick\'s photos.  Creepy similarity, actually.  ',0,1,0,1,0,0,28,39,'1980-03-24','2010-10-21 01:12:44','2010-10-21 01:50:05'),(71,'17817715553',NULL,'Hannah ','friend','glasses, tall, converse sneakers, brown hair',0,1,0,1,0,0,24,32,'1983-04-25','2010-10-21 01:17:03','2010-10-21 01:20:10'),(72,'17023214912',NULL,'Russ','breakfast','I\'m human with a beard.',1,0,0,0,1,0,18,55,'1982-08-16','2010-10-21 02:35:46','2010-10-21 02:37:01'),(73,'16175018704',NULL,'Cos','tissue','Long straight black hair.  Glasses.  Possible a black backpack.',1,0,0,0,1,0,18,50,'1970-11-25','2010-10-21 03:11:15','2010-10-21 03:13:40'),(74,'13645788124',NULL,NULL,'cheat',NULL,NULL,NULL,NULL,NULL,NULL,NULL,NULL,NULL,NULL,'2010-10-21 16:56:17','2010-10-21 16:56:17'),(75,'15404547742',NULL,NULL,'regret',NULL,NULL,NULL,NULL,NULL,NULL,NULL,NULL,NULL,NULL,'2010-10-21 17:17:30','2010-10-21 17:17:30'),(76,'16043387710',NULL,NULL,'heart',NULL,NULL,NULL,NULL,NULL,NULL,NULL,NULL,NULL,NULL,'2010-10-21 17:36:36','2010-10-21 17:36:36'),(77,'12088712069',NULL,'Dustin','mucus','Height',1,0,0,0,1,0,18,21,'1992-05-22','2010-10-21 20:41:05','2010-10-21 20:42:25'),(78,'16179130834',NULL,NULL,'tiny',NULL,NULL,NULL,NULL,NULL,NULL,NULL,NULL,NULL,NULL,'2010-10-21 21:02:44','2010-10-21 21:02:44'),(79,'16174805990',NULL,NULL,'lonely',NULL,NULL,NULL,NULL,NULL,NULL,NULL,NULL,NULL,NULL,'2010-10-21 21:06:47','2010-10-21 21:06:47'),(80,'13056067278',NULL,NULL,'lonely',NULL,NULL,NULL,NULL,NULL,NULL,NULL,NULL,NULL,NULL,'2010-10-21 22:02:56','2010-10-21 22:02:56'),(81,'12345678910',NULL,NULL,'nerd',NULL,NULL,NULL,NULL,NULL,NULL,NULL,NULL,NULL,NULL,'2010-10-21 22:31:17','2010-10-21 22:31:17'),(82,'12132451314',NULL,NULL,'nerd',NULL,NULL,NULL,NULL,NULL,NULL,NULL,NULL,NULL,NULL,'2010-10-21 23:30:20','2010-10-21 23:30:20'),(83,'14257726275',NULL,'Zach','lonely','Brown curly hair, 3 week mountain man beard start. ',1,0,0,0,1,0,21,26,'1986-10-30','2010-10-22 00:32:12','2010-10-22 00:33:06'),(84,'16175011517',NULL,NULL,'cheat',NULL,NULL,NULL,NULL,NULL,NULL,NULL,NULL,NULL,NULL,'2010-10-22 14:51:45','2010-10-22 14:51:45'),(85,'14521439043',NULL,NULL,'friend',NULL,NULL,NULL,NULL,NULL,NULL,NULL,NULL,NULL,NULL,'2010-10-22 21:50:57','2010-10-22 21:50:57'),(86,'14157044517',NULL,NULL,'cheat',NULL,NULL,NULL,NULL,NULL,NULL,NULL,NULL,NULL,NULL,'2010-10-22 22:27:14','2010-10-22 22:27:14'),(87,'15108426269',NULL,'Darren','virgin','Glasses',1,0,0,0,1,0,30,40,'1971-07-09','2010-10-23 00:21:21','2010-10-23 00:22:58'),(89,'18080350130',NULL,NULL,'tiny',NULL,NULL,NULL,NULL,NULL,NULL,NULL,NULL,NULL,NULL,'2010-10-23 15:37:02','2010-10-23 15:37:02'),(90,'12152624137',NULL,'Becca','booze','Sport gal with short hair ',0,1,0,1,1,1,18,30,'1989-10-20','2010-10-23 21:20:32','2010-10-23 21:23:09'),(91,'19999999999',NULL,NULL,'marry',NULL,NULL,NULL,NULL,NULL,NULL,NULL,NULL,NULL,NULL,'2010-10-23 21:31:08','2010-10-23 21:31:08'),(92,'14948998984',NULL,NULL,'lemon',NULL,NULL,NULL,NULL,NULL,NULL,NULL,NULL,NULL,NULL,'2010-10-27 08:33:23','2010-10-27 08:33:23'),(93,'15128267004',NULL,NULL,'geek',NULL,NULL,NULL,NULL,NULL,NULL,NULL,NULL,NULL,NULL,'2010-10-27 20:53:32','2010-10-27 20:53:32'),(94,'14013232378',NULL,NULL,'marry',NULL,NULL,NULL,NULL,NULL,NULL,NULL,NULL,NULL,NULL,'2010-10-27 21:45:58','2010-10-27 21:45:58'),(96,'13476034705',NULL,NULL,'cheat',NULL,NULL,NULL,NULL,NULL,NULL,NULL,NULL,NULL,NULL,'2010-10-28 06:02:31','2010-10-28 06:02:31'),(97,'16508983130',NULL,'zhao','huge','talk asian',1,0,0,0,1,0,22,35,'1975-02-25','2010-10-28 23:53:14','2010-10-28 23:54:16'),(98,'18604639701',NULL,NULL,'huge',NULL,NULL,NULL,NULL,NULL,NULL,NULL,NULL,NULL,NULL,'2010-10-29 12:56:26','2010-10-29 12:56:26'),(99,'14152154623',NULL,NULL,'heart',NULL,NULL,NULL,NULL,NULL,NULL,NULL,NULL,NULL,NULL,'2010-10-29 17:25:11','2010-10-29 17:25:11'),(100,'18172980518',NULL,NULL,'regret',NULL,NULL,NULL,NULL,NULL,NULL,NULL,NULL,NULL,NULL,'2010-10-29 19:58:08','2010-10-29 19:58:08'),(101,'16825523574',NULL,'jessy holt','breakfast','eyes, smile and very attractive',0,1,0,1,0,0,20,55,'1985-06-20','2010-10-29 20:11:58','2010-10-29 21:21:10'),(102,'19868789898',NULL,NULL,'bunny',NULL,NULL,NULL,NULL,NULL,NULL,NULL,NULL,NULL,NULL,'2010-10-30 22:53:37','2010-10-30 22:53:37'),(103,'15039276305',NULL,NULL,'morning',NULL,NULL,NULL,NULL,NULL,NULL,NULL,NULL,NULL,NULL,'2010-10-31 07:04:18','2010-10-31 07:04:18'),(104,'12062271620',NULL,'Doug','marry','shaved head',1,0,0,0,1,0,23,35,'1979-09-23','2010-10-31 16:45:34','2010-10-31 16:48:58'),(105,'12067818392',NULL,NULL,'regret',NULL,NULL,NULL,NULL,NULL,NULL,NULL,NULL,NULL,NULL,'2010-10-31 17:31:51','2010-10-31 17:31:51'),(107,'18604843833',NULL,'Ted ','morning','I\'m tall and funny. ',1,0,0,0,1,0,20,27,'1985-05-21','2010-11-01 00:57:43','2010-11-01 00:59:17'),(108,'14242428629',NULL,'Ryan ','friend','Shaved head, 5\' 9\"',1,0,0,0,1,0,18,33,'1981-12-17','2010-11-01 03:43:05','2010-11-01 03:45:53'),(109,'13392342430',NULL,'Alex','hurt','Jolly Asian.',1,0,0,0,1,0,18,25,'1988-11-20','2010-11-01 16:59:23','2010-11-01 17:01:30'),(110,'15404664726',NULL,'Sam','regret','Short guy with glasses and short straight brown hair.',1,0,0,0,1,0,18,35,'1986-07-10','2010-11-02 02:24:22','2010-11-02 02:27:55'),(111,'17818561881',NULL,'Mark','love','Asian dude.',1,0,0,0,1,0,18,20,'1992-05-03','2010-11-02 03:36:30','2010-11-02 03:37:27'),(112,'12255727521',NULL,'Tristan','mucus','In a t-shirt and jeans with short brown hair and beard.',1,0,0,0,1,0,21,30,'1985-07-23','2010-11-03 00:19:21','2010-11-03 00:22:16');
/*!40000 ALTER TABLE `users` ENABLE KEYS */;
UNLOCK TABLES;
/*!40103 SET TIME_ZONE=@OLD_TIME_ZONE */;

/*!40101 SET SQL_MODE=@OLD_SQL_MODE */;
/*!40014 SET FOREIGN_KEY_CHECKS=@OLD_FOREIGN_KEY_CHECKS */;
/*!40014 SET UNIQUE_CHECKS=@OLD_UNIQUE_CHECKS */;
/*!40101 SET CHARACTER_SET_CLIENT=@OLD_CHARACTER_SET_CLIENT */;
/*!40101 SET CHARACTER_SET_RESULTS=@OLD_CHARACTER_SET_RESULTS */;
/*!40101 SET COLLATION_CONNECTION=@OLD_COLLATION_CONNECTION */;
/*!40111 SET SQL_NOTES=@OLD_SQL_NOTES */;

-- Dump completed on 2010-11-04  0:38:11
